<?xml version="1.0"?>
<doc>
    <assembly>
        <name>Engine</name>
    </assembly>
    <members>
        <member name="T:Engine.Behaviour">
            <summary>
            Abstract class for all components that require a callback for <see cref="M:Engine.Behaviour.Update"/>, <see cref="M:Engine.Behaviour.OnEnable"/> and <see cref="M:Engine.Behaviour.OnDisable"/> events.<br/>
            Components of this type can be disabled with the <see cref="P:Engine.Behaviour.IsActive"/> flag, preventing <see cref="M:Engine.Behaviour.Update"/> callback from being invoked.
            </summary>
        </member>
        <member name="P:Engine.Behaviour.IsActive">
            <summary>
            Gets or sets a value indicating whether this <see cref="T:Engine.Behaviour"/> is active and can receive <see cref="M:Engine.Behaviour.Update"/> callbacks if the <see cref="P:Engine.Component.Owner"/> is enabled in hierarchy.
            </summary>
        </member>
        <member name="P:Engine.Behaviour.IsActiveInHierarchy">
            <summary>
            Gets a value indicating whether this <see cref="T:Engine.Behaviour"/> is active and the <see cref="P:Engine.Component.Owner"/> and all its <see cref="P:Engine.Transform.Parent"/> are enabled.
            </summary>
        </member>
        <member name="M:Engine.Behaviour.Update">
            <summary>
            Called once per update loop if <see cref="P:Engine.Behaviour.IsActiveInHierarchy"/> is <c>true</c>.
            </summary>
        </member>
        <member name="M:Engine.Behaviour.OnEnable">
            <summary>
            Called once when this <see cref="T:Engine.Behaviour"/> becomes active in hierarchy.
            </summary>
        </member>
        <member name="M:Engine.Behaviour.OnDisable">
            <summary>
            Called once when this <see cref="T:Engine.Behaviour"/> becomes inactive in hierarchy.
            </summary>
        </member>
        <member name="T:Engine.Camera">
            <summary>
            The camera component defines how the world is rendered to screen.<br/>
            It can be thought of as a rectangle that is placed in the world and the content in the rectangle is rendered to screen.
            </summary>
        </member>
        <member name="P:Engine.Camera.Height">
            <summary>
            Gets or sets the height of the view rectangle in world units (usually meters).
            </summary>
        </member>
        <member name="P:Engine.Camera.WorldToCameraSpace">
            <summary>
            Gets the matrix representing the transformation from world space to camera space.
            </summary>
        </member>
        <member name="P:Engine.Camera.AspectRatio">
            <summary>
            Gets the aspect ratio of the <see cref="T:Engine.Camera"/>, depends on the screen width and height.
            </summary>
        </member>
        <member name="P:Engine.Camera.ScreenSize">
            <summary>
            Gets the size of the screen area to which this camera is being rendered.
            </summary>
        </member>
        <member name="M:Engine.Camera.#ctor">
            <summary>
            WARNING: Don't use the constructor, use <see cref="M:Engine.GameObject.AddComponent``1"/> instead.<br/>
            Creates a new instance of the camera type.
            </summary>
        </member>
        <member name="M:Engine.Camera.OnEnable">
            <inheritdoc />
        </member>
        <member name="M:Engine.Camera.OnDisable">
            <inheritdoc />
        </member>
        <member name="T:Engine.CollectionUtil">
            <summary>
            Utility class providing useful operations for data collections.
            </summary>
        </member>
        <member name="M:Engine.CollectionUtil.RemoveSwapBack``1(System.Collections.Generic.IList{``0},System.Int32)">
            <summary>
            Removes an item at the given <b>index</b> by replacing it with the last element in the collection.
            </summary>
        </member>
        <member name="M:Engine.CollectionUtil.RemoveSwapBack``1(System.Collections.Generic.IList{``0},``0)">
            <summary>
            Removes the given <b>item</b> by replacing it with the last element in the collection.
            </summary>
        </member>
        <member name="T:Engine.Component">
            <summary>
            The base class for all components, can be added to <see cref="T:Engine.GameObject"/> instances to add logic and data to it.<br/>
            WARNING: Do not call the constructor of a component directly, use <see cref="M:Engine.GameObject.AddComponent``1"/> instead.
            </summary>
        </member>
        <member name="P:Engine.Component.Owner">
            <summary>
            Gets the <see cref="T:Engine.GameObject"/> to which this <see cref="T:Engine.Component"/> belongs.
            </summary>
        </member>
        <member name="P:Engine.Component.Name">
            <summary>
            Gets the <see cref="P:Engine.GameObject.Name"/> of the <see cref="P:Engine.Component.Owner"/>.
            </summary>
        </member>
        <member name="P:Engine.Component.Transform">
            <summary>
            Gets the <see cref="P:Engine.GameObject.Transform"/> of the <see cref="P:Engine.Component.Owner"/>;
            </summary>
        </member>
        <member name="E:Engine.Component.OnDrawGizmos">
            <summary>
            Event that is invoked directly before drawing the gizmos, can be used to inject gizmos draw calls that depend on state affected by other components and physics.
            </summary>
        </member>
        <member name="M:Engine.Component.Destroy">
            <summary>
            Destroys this <see cref="T:Engine.Component"/>, effectively removing it from the game.<br/>
            After destroying the component, all references to it must no longer be used.
            </summary>
        </member>
        <member name="M:Engine.Component.OnAwake">
            <summary>
            Called exactly once when the <see cref="T:Engine.Component"/> is awakened for the first time.<br/>
            It is guaranteed that <see cref="M:Engine.Component.OnAwake"/> will be called before all other engine callbacks for this component.<br/>
            A component becomes awakened once all of the following conditions are met:<br/>
            <list type="bullet">
            <item>It is added to a <see cref="T:Engine.GameObject"/></item>
            <item>The <see cref="P:Engine.Component.Owner"/> is enabled in hierarchy.</item>
            <item>The <see cref="T:Engine.Scene"/> containing the <see cref="P:Engine.Component.Owner"/> is loading or loaded</item>
            <item>The game was started using <see cref="M:Microsoft.Xna.Framework.Game.Run"/></item>
            </list> 
            </summary>
        </member>
        <member name="M:Engine.Component.OnDestroy">
            <summary>
            Called exactly once at the end of lifetime of this <see cref="T:Engine.Component"/>.<br/>
            It is guaranteed that no more engine callbacks will be called after <see cref="M:Engine.Component.OnDestroy"/> for this component.<br/>
            A component becomes destroyed in any of the following cases:<br/>
            <list type="bullet">
            <item><see cref="M:Engine.Component.Destroy"/> is called on this component.</item>
            <item><see cref="M:Engine.GameObject.Destroy"/> is called on the <see cref="P:Engine.Component.Owner"/> or any of its <see cref="P:Engine.Transform.Parent"/>.</item>
            <item>The <see cref="T:Engine.Scene"/> containing the <see cref="P:Engine.Component.Owner"/> is unloading.</item>
            <item></item>
            </list>
            </summary>
        </member>
        <member name="T:Engine.GameEngine">
            <summary>
            The game engine in the core of the whole game.<br/>
            It is a singleton class and can exist at most once.<br/>
            To start a game, instantiate the game engine, create game objects and add components to initialize the game and then start the game using <b>GameEngine.Run()</b>. 
            </summary>
        </member>
        <member name="P:Engine.GameEngine.VSync">
            <summary>
            Gets or sets a value indicating whether the render loop should be synced with the screen refresh rate.
            </summary>
        </member>
        <member name="M:Engine.GameEngine.#ctor">
            <summary>
            Instantiates a new instance of the GameEngine type.
            </summary>
            <exception cref="T:System.InvalidOperationException">There can't exist more than one instance of GameEngine at any given time.</exception>
        </member>
        <member name="M:Engine.GameEngine.Destroy">
            <summary>
            Destroys the current GameEngine instance, effectively ending the game.
            </summary>
        </member>
        <member name="M:Engine.GameEngine.Initialize">
            <inheritdoc />
        </member>
        <member name="M:Engine.GameEngine.Update(Microsoft.Xna.Framework.GameTime)">
            <inheritdoc />
        </member>
        <member name="M:Engine.GameEngine.Draw(Microsoft.Xna.Framework.GameTime)">
            <inheritdoc />
        </member>
        <member name="M:Engine.GameEngine.OnExiting(System.Object,System.EventArgs)">
            <inheritdoc />
        </member>
        <member name="T:Engine.GameObject">
            <summary>
            The game object represents a single entity and can contain logic and data in the form of <see cref="T:Engine.Component"/>s.<br/>
            Every game object contains a <see cref="P:Engine.GameObject.Transform"/>, belongs to a specific <see cref="P:Engine.GameObject.Scene"/> and has some metadata such as the <see cref="P:Engine.GameObject.Name"/> and <see cref="P:Engine.GameObject.Layer"/>.<br/>
            To add logic and data, add components using <see cref="M:Engine.GameObject.AddComponent``1"/>.<br/>
            To get one or multiple reference(s) to other components on a game object instance, use <see cref="M:Engine.GameObject.GetComponent``1"/> or <see cref="M:Engine.GameObject.GetComponents``1"/> respectively.
            </summary>
        </member>
        <member name="F:Engine.GameObject.components">
            <summary>
            Contains all components that belong to this game object (including behaviours)
            </summary>
        </member>
        <member name="F:Engine.GameObject.behaviours">
            <summary>
            Contains all behaviours that belong to this game object, they are stored separately to make the update call faster.
            </summary>
        </member>
        <member name="P:Engine.GameObject.Transform">
            <summary>
            Gets the <see cref="P:Engine.GameObject.Transform"/> that belongs to this game object instance.
            </summary>
        </member>
        <member name="P:Engine.GameObject.Name">
            <summary>
            Gets or sets a name for this game object instance.
            </summary>
        </member>
        <member name="P:Engine.GameObject.Layer">
            <summary>
            Gets or sets the layer for this game object instance (range:[0, 31], default: 0)
            </summary>
        </member>
        <member name="P:Engine.GameObject.IsEnabled">
            <summary>
            Gets or sets a value indicating whether this game object is enabled.<br/> 
            </summary>
            <seealso cref="P:Engine.GameObject.IsEnabledInHierarchy"/>
            <seealso cref="P:Engine.Behaviour.IsActive"/>
        </member>
        <member name="P:Engine.GameObject.IsEnabledInHierarchy">
            <summary>
            Gets a value indicating whether this game object is enabled in the hierarchy.<br/>
            Components of this game object will only receive callbacks if <see cref="P:Engine.GameObject.IsEnabledInHierarchy"/> is <b>true</b>.
            </summary>
            <seealso cref="P:Engine.GameObject.IsEnabled"/>
            <seealso cref="P:Engine.Transform.Parent"/>
            <seealso cref="P:Engine.Behaviour.IsActiveInHierarchy"/>/>
        </member>
        <member name="P:Engine.GameObject.IsAlive">
            <summary>
            Gets a value indicating whether this game object is alive and can be used.
            </summary>
        </member>
        <member name="P:Engine.GameObject.Scene">
            <summary>
            Gets the scene to which this game object belongs.
            </summary>
        </member>
        <member name="M:Engine.GameObject.#ctor">
            <summary>
            Creates a new game object and adds it to the <see cref="P:Engine.SceneManager.ScopedScene"/>.
            </summary>
        </member>
        <member name="M:Engine.GameObject.#ctor(System.String)">
            <summary>
            Creates a new game object with a specific name and adds it to the <see cref="P:Engine.SceneManager.ScopedScene"/>
            </summary>
        </member>
        <member name="M:Engine.GameObject.#ctor(System.String,Engine.Scene)">
            <summary>
            Creates a new game object with a specific name and adds it to the given scene.
            </summary>
        </member>
        <member name="M:Engine.GameObject.AddComponent(System.Type)">
            <summary>
            Adds a <see cref="T:Engine.Component"/> of the given type to the game object and returns a reference to the constructed component.
            </summary>
            <exception cref="T:System.ArgumentNullException">The type cannot be null.</exception>
            <exception cref="T:System.ArgumentException">The type needs to inherit from <see cref="T:Engine.Component"/>, cannot be abstract and must have a public constructor without arguments.</exception>
            <exception cref="T:System.InvalidOperationException">Can't add a component to a dead game object.</exception>
            <seealso cref="M:Engine.GameObject.AddComponent``1"/>
            <seealso cref="M:Engine.GameObject.GetOrAddComponent``1"/>
        </member>
        <member name="M:Engine.GameObject.AddComponent``1">
            <summary>
            Adds a <see cref="T:Engine.Component"/> of the given type to the game object and returns a reference to the constructed component.
            </summary>
            <exception cref="T:System.InvalidOperationException">Can't add a component to a dead game object.</exception>
            <seealso cref="M:Engine.GameObject.AddComponent(System.Type)"/>
            <seealso cref="M:Engine.GameObject.GetOrAddComponent``1"/>
        </member>
        <member name="M:Engine.GameObject.GetComponent``1">
            <summary>
            Gets a <see cref="T:Engine.Component"/> of the specific type that is part of this game object or <b>null</b> if the game object doesn't contain a component of that specific type.<br/>
            If the game object contains multiple components of that specific type, the first found instance will be returned.
            </summary>
            <seealso cref="M:Engine.GameObject.GetComponents``1"/>
            <seealso cref="M:Engine.GameObject.GetComponents``1(System.Collections.Generic.IList{``0})"/>
            <seealso cref="M:Engine.GameObject.GetOrAddComponent``1"/>
        </member>
        <member name="M:Engine.GameObject.GetComponents``1">
            <summary>
            Gets all <see cref="T:Engine.Component"/>s of the specific type that are part of this game object.<br/>
            Consider using <see cref="M:Engine.GameObject.GetComponents``1(System.Collections.Generic.IList{``0})"/> instead to prevent internal memory allocation.
            </summary>
            <seealso cref="M:Engine.GameObject.GetComponent``1"/>
            <seealso cref="M:Engine.GameObject.GetComponents``1"/>
            <seealso cref="M:Engine.GameObject.GetOrAddComponent``1"/>
        </member>
        <member name="M:Engine.GameObject.GetComponents``1(System.Collections.Generic.IList{``0})">
            <summary>
            Gets all <see cref="T:Engine.Component"/>s of the specific type that are part of this game object without allocating extra memory.
            </summary>
            <exception cref="T:System.ArgumentNullException">The items cannot be null.</exception>
            <seealso cref="M:Engine.GameObject.GetComponent``1"/>
            <seealso cref="M:Engine.GameObject.GetComponents``1(System.Collections.Generic.IList{``0})"/>
            <seealso cref="M:Engine.GameObject.GetOrAddComponent``1"/> 
        </member>
        <member name="M:Engine.GameObject.GetOrAddComponent``1">
            <summary>
            Tries to get a <see cref="T:Engine.Component"/> of the specific type or creates a new component if the game object doesn't have one. 
            </summary>
            <seealso cref="M:Engine.GameObject.AddComponent(System.Type)"/>
            <seealso cref="M:Engine.GameObject.AddComponent``1"/>
            <seealso cref="M:Engine.GameObject.GetComponent``1"/>
            <seealso cref="M:Engine.GameObject.GetComponents``1"/>
            <seealso cref="M:Engine.GameObject.GetComponents``1(System.Collections.Generic.IList{``0})"/>
        </member>
        <member name="M:Engine.GameObject.Destroy">
            <summary>
            Destroys this game object, all contained components and all children, effectively removing them from the game.
            </summary>
            <exception cref="T:System.InvalidOperationException">Can't destroy a dead game object.</exception>
        </member>
        <member name="M:Engine.GameObject.FindComponent``1">
            <summary>
            Finds a single <see cref="T:Engine.Component"/> of the specific type in the game, returns the first found instance or <b>null</b> if there exists no instance.
            </summary>
            <seealso cref="M:Engine.GameObject.FindComponents``1"/>
            <seealso cref="M:Engine.GameObject.FindComponents``1(System.Collections.Generic.IList{``0})"/>
        </member>
        <member name="M:Engine.GameObject.FindComponents``1">
            <summary>
            Finds and returns all <see cref="T:Engine.Component"/>s of the specific type in the game.<br/>
            Consider using <see cref="M:Engine.GameObject.FindComponents``1(System.Collections.Generic.IList{``0})"/> instead to prevent internal memory allocation.
            </summary>
            <seealso cref="M:Engine.GameObject.FindComponent``1"/>
            <seealso cref="M:Engine.GameObject.FindComponents``1(System.Collections.Generic.IList{``0})"/>
        </member>
        <member name="M:Engine.GameObject.FindComponents``1(System.Collections.Generic.IList{``0})">
            <summary>
            Finds and returns all <see cref="T:Engine.Component"/>s of the specific type in the game without allocating extra memory.
            </summary>
            <exception cref="T:System.ArgumentNullException">The items cannot be null.</exception>
            <seealso cref="M:Engine.GameObject.FindComponent``1"/>
            <seealso cref="M:Engine.GameObject.FindComponents``1"/>
        </member>
        <member name="F:Engine.GameObject.GameObjectState.Creating">
            <summary>
            The game object is still inside the constructor call.
            </summary>
        </member>
        <member name="F:Engine.GameObject.GameObjectState.Created">
            <summary>
            The game object was created, but OnAwake has not yet been called.
            </summary>
        </member>
        <member name="F:Engine.GameObject.GameObjectState.Awakening">
            <summary>
            The game object is being awakened.
            </summary>
        </member>
        <member name="F:Engine.GameObject.GameObjectState.Enabling">
            <summary>
            The game object is being enabled.
            </summary>
        </member>
        <member name="F:Engine.GameObject.GameObjectState.Enabled">
            <summary>
            The game object is enabled.
            </summary>
        </member>
        <member name="F:Engine.GameObject.GameObjectState.Updating">
            <summary>
            The game object is enabled and currently updating.
            </summary>
        </member>
        <member name="F:Engine.GameObject.GameObjectState.Disabling">
            <summary>
            The game object is being disabled.
            </summary>
        </member>
        <member name="F:Engine.GameObject.GameObjectState.Disabled">
            <summary>
            The game object is disabled.
            </summary>
        </member>
        <member name="F:Engine.GameObject.GameObjectState.Destroying">
            <summary>
            The game object is being destroyed.
            </summary>
        </member>
        <member name="F:Engine.GameObject.GameObjectState.Destroyed">
            <summary>
            The game object is destroyed.
            </summary>
        </member>
        <member name="T:Engine.GameObjectUtil">
            <summary>
            Utility class providing useful operations for <see cref="T:Engine.GameObject"/>s.
            </summary>
        </member>
        <member name="F:Engine.GameObjectUtil.goQueue">
            <summary>
            Cached queue for game objects to prevent repeated memory allocation.
            </summary>
        </member>
        <member name="M:Engine.GameObjectUtil.GetComponentInChildren``1(Engine.GameObject)">
            <summary>
            Gets a <see cref="T:Engine.Component"/> of the specified type in the given <see cref="T:Engine.GameObject"/> or any of its children (recursive).
            </summary>
            <exception cref="T:System.ArgumentNullException">The game object cannot be null.</exception>
            <seealso cref="M:Engine.GameObjectUtil.GetComponentsInChildren``1(Engine.GameObject)"/>
            <seealso cref="M:Engine.GameObjectUtil.GetComponentsInChildren``1(Engine.GameObject,System.Collections.Generic.IList{``0})"/>
        </member>
        <member name="M:Engine.GameObjectUtil.GetComponentsInChildren``1(Engine.GameObject)">
            <summary>
            Gets all <see cref="T:Engine.Component"/>s of the specified type in the given <see cref="T:Engine.GameObject"/> and all of its children (recursive).<br/>
            Consider using <see cref="M:Engine.GameObjectUtil.GetComponentsInChildren``1(Engine.GameObject,System.Collections.Generic.IList{``0})"/> instead to prevent internal memory allocation.
            </summary>
            <exception cref="T:System.ArgumentNullException">The game object cannot be null.</exception>
            <seealso cref="M:Engine.GameObjectUtil.GetComponentInChildren``1(Engine.GameObject)"/>
            <seealso cref="M:Engine.GameObjectUtil.GetComponentsInChildren``1(Engine.GameObject,System.Collections.Generic.IList{``0})"/>
        </member>
        <member name="M:Engine.GameObjectUtil.GetComponentsInChildren``1(Engine.GameObject,System.Collections.Generic.IList{``0})">
            <summary>
            Gets all <see cref="T:Engine.Component"/>s of the specified type in the given <see cref="T:Engine.GameObject"/> and all of its children (recursive).
            </summary>
            <exception cref="T:System.ArgumentNullException">The game object cannot be null.<br/>The items cannot be null.</exception>
            <seealso cref="M:Engine.GameObjectUtil.GetComponentInChildren``1(Engine.GameObject)"/>
            <seealso cref="M:Engine.GameObjectUtil.GetComponentsInChildren``1(Engine.GameObject)"/>
        </member>
        <member name="M:Engine.GameObjectUtil.GetComponentInParents``1(Engine.GameObject)">
            <summary>
            Gets a <see cref="T:Engine.Component"/> of the specified type in the given <see cref="T:Engine.GameObject"/> or its parents (recursive).
            </summary>
            <exception cref="T:System.ArgumentNullException">The game object cannot be null.</exception>
            <seealso cref="M:Engine.GameObjectUtil.GetComponentsInParents``1(Engine.GameObject)"/>
            <seealso cref="M:Engine.GameObjectUtil.GetComponentsInParents``1(Engine.GameObject,System.Collections.Generic.IList{``0})"/>
        </member>
        <member name="M:Engine.GameObjectUtil.GetComponentsInParents``1(Engine.GameObject)">
            <summary>
            Gets all <see cref="T:Engine.Component"/>s of the specified type in the given <see cref="T:Engine.GameObject"/> and its parents (recursive).<br/>
            Consider using <see cref="M:Engine.GameObjectUtil.GetComponentsInParents``1(Engine.GameObject,System.Collections.Generic.IList{``0})"/> instead to prevent internal memory allocation.
            </summary>
            <exception cref="T:System.ArgumentNullException">The game object cannot be null.</exception>
            <seealso cref="M:Engine.GameObjectUtil.GetComponentInParents``1(Engine.GameObject)"/>
            <seealso cref="M:Engine.GameObjectUtil.GetComponentsInParents``1(Engine.GameObject,System.Collections.Generic.IList{``0})"/>
        </member>
        <member name="M:Engine.GameObjectUtil.GetComponentsInParents``1(Engine.GameObject,System.Collections.Generic.IList{``0})">
            <summary>
            Gets all <see cref="T:Engine.Component"/>s of the specified type in the given <see cref="T:Engine.GameObject"/> and its parents (recursive).
            </summary>
            <exception cref="T:System.ArgumentNullException">The game object cannot be null.<br/>The items cannot be null.</exception>
            <seealso cref="M:Engine.GameObjectUtil.GetComponentInParents``1(Engine.GameObject)"/>
            <seealso cref="M:Engine.GameObjectUtil.GetComponentsInParents``1(Engine.GameObject)"/>
        </member>
        <member name="M:Engine.GuiRenderer.OnEnable">
            <inheritdoc />
        </member>
        <member name="M:Engine.GuiRenderer.OnDisable">
            <inheritdoc />
        </member>
        <member name="F:Engine.GuiSpriteRenderer.ScreenPositionMode.Relative">
            <summary>
            The position is relative to the actual screen size where <b>(0, 0)</b> is the top left corner and <b>(1, 1)</b> is the bottom right corner of the screen.
            </summary>
        </member>
        <member name="F:Engine.GuiSpriteRenderer.ScreenPositionMode.Absolute">
            <summary>
            The position is absolute in pixel coordinates where <b>(0, 0)</b> is the top left corner and <b>(ScreenSize.Width, ScreenSize.Height)</b> is the bottom right corner of the screen.
            </summary>
        </member>
        <member name="M:Engine.GuiSpriteRenderer.OnEnable">
            <inheritdoc />
        </member>
        <member name="P:Engine.GuiTextRenderer.Text">
            <summary>
            Gets or sets the text.
            </summary>
        </member>
        <member name="P:Engine.GuiTextRenderer.Font">
            <summary>
            Gets or sets the font.
            </summary>
        </member>
        <member name="P:Engine.GuiTextRenderer.FontSize">
            <summary>
            Gets or sets the font size.
            </summary>
        </member>
        <member name="P:Engine.GuiTextRenderer.Color">
            <summary>
            Gets or sets the color.
            </summary>
        </member>
        <member name="P:Engine.GuiTextRenderer.ScreenPosition">
            <summary>
            Gets or sets the position of the text pivot on the screen.
            </summary>
        </member>
        <member name="P:Engine.GuiTextRenderer.PositionMode">
            <summary>
            Gets or sets how the <see cref="P:Engine.GuiTextRenderer.ScreenPosition"/> is interpreted.
            </summary>
        </member>
        <member name="P:Engine.GuiTextRenderer.TextSize">
            <summary>
            Gets the transform independent text size
            </summary>
        </member>
        <member name="M:Engine.GuiTextRenderer.#ctor">
            <summary>
            Initializes a new instance of the <see cref="T:Engine.GuiTextRenderer"/> class.
            </summary>
        </member>
        <member name="M:Engine.GuiTextRenderer.Draw">
            <inheritdoc />
        </member>
        <member name="M:Engine.GuiTextRenderer.OnAwake">
            <inheritdoc />
        </member>
        <member name="M:Engine.GuiTextRenderer.UpdateTextSize">
            <summary>
            Updates the text size with the exact pixel size.
            </summary>
        </member>
        <member name="M:Engine.GuiTextRenderer.UpdateCanRender">
            <summary>
            Updates the canRender flag.
            </summary>
        </member>
        <member name="T:Engine.GuiTextRenderer.ScreenPositionMode">
            <summary>
            The screen position mode.
            </summary>
        </member>
        <member name="F:Engine.GuiTextRenderer.ScreenPositionMode.Relative">
            <summary>
            The position is relative to the actual screen size where <b>(0, 0)</b> is the top left corner and <b>(1, 1)</b> is the bottom right corner of the screen.
            </summary>
        </member>
        <member name="F:Engine.GuiTextRenderer.ScreenPositionMode.Absolute">
            <summary>
            The position is absolute in pixel coordinates where <b>(0, 0)</b> is the top left corner and <b>(ScreenSize.Width, ScreenSize.Height)</b> is the bottom right corner of the screen.
            </summary>
        </member>
        <member name="T:Engine.Int2">
            <summary>
            Represents an integer vector of dimension 2.
            </summary>
        </member>
        <member name="F:Engine.Int2.Zero">
            <summary>
            An <see cref="T:Engine.Int2"/> with zero for both components.
            </summary>
        </member>
        <member name="F:Engine.Int2.X">
            <summary>
            The x component.
            </summary>
        </member>
        <member name="F:Engine.Int2.Y">
            <summary>
            The y component.
            </summary>
        </member>
        <member name="M:Engine.Int2.#ctor(System.Int32,System.Int32)">
            <summary>
            Creates a new instance of the <see cref="T:Engine.Int2"/> type.
            </summary>
        </member>
        <member name="M:Engine.Int2.Equals(Engine.Int2)">
            <inheritdoc />
        </member>
        <member name="M:Engine.Int2.Equals(System.Object)">
            <inheritdoc />
        </member>
        <member name="M:Engine.Int2.GetHashCode">
            <inheritdoc />
        </member>
        <member name="M:Engine.Int2.Clamp(Engine.Int2,Engine.Int2,Engine.Int2)">
            <summary>
            Clamps the components of <see cref="!:value"/> between <see cref="!:min"/> and <see cref="!:max"/>.
            </summary>
        </member>
        <member name="M:Engine.Int2.Min(Engine.Int2,Engine.Int2)">
            <summary>
            Gets the component wise minimum of <see cref="!:a"/> and <see cref="!:b"/>.
            </summary>
        </member>
        <member name="M:Engine.Int2.Max(Engine.Int2,Engine.Int2)">
            <summary>
            Gets the component wise maximum of <see cref="!:a"/> and <see cref="!:b"/>.
            </summary>
        </member>
        <member name="M:Engine.Int2.op_Implicit(Engine.Int2)~Microsoft.Xna.Framework.Vector2">
            <summary>
            Converts the given <see cref="T:Engine.Int2"/> to a <see cref="T:Microsoft.Xna.Framework.Vector2"/> instance.
            </summary>
        </member>
        <member name="M:Engine.Int2.op_Explicit(Microsoft.Xna.Framework.Vector2)~Engine.Int2">
            <summary>
            Converts the given <see cref="T:Microsoft.Xna.Framework.Vector2"/> to a <see cref="T:Engine.Int2"/> instance.
            </summary>
        </member>
        <member name="M:Engine.Int2.op_Implicit(Engine.Int2)~System.ValueTuple{System.Int32,System.Int32}">
            <summary>
            Converts the given <see cref="T:Engine.Int2"/> to a <see cref="T:System.Tuple`2"/> instance.
            </summary>
        </member>
        <member name="M:Engine.Int2.op_Implicit(System.ValueTuple{System.Int32,System.Int32})~Engine.Int2">
            <summary>
            Converts the given <see cref="T:System.Tuple`2"/> to a <see cref="T:Engine.Int2"/> instance.
            </summary>
        </member>
        <member name="M:Engine.Int2.op_Implicit(System.Int32)~Engine.Int2">
            <summary>
            Converts the given <see cref="T:System.Int32"/> to a <see cref="T:Engine.Int2"/> instance.
            </summary>
        </member>
        <member name="M:Engine.Int2.op_Equality(Engine.Int2,Engine.Int2)">
            <summary>
            Tests the two given <see cref="T:Engine.Int2"/> instances for equality.
            </summary>
        </member>
        <member name="M:Engine.Int2.op_Inequality(Engine.Int2,Engine.Int2)">
            <summary>
            Tests the two given <see cref="T:Engine.Int2"/> instances for inequality.
            </summary>
        </member>
        <member name="M:Engine.Int2.op_Addition(Engine.Int2,Engine.Int2)">
            <summary>
            Component wise addition of two <see cref="T:Engine.Int2"/>.
            </summary>
        </member>
        <member name="M:Engine.Int2.op_Subtraction(Engine.Int2,Engine.Int2)">
            <summary>
            Component wise subtraction of two <see cref="T:Engine.Int2"/>.
            </summary>
        </member>
        <member name="M:Engine.Int2.op_Multiply(Engine.Int2,Engine.Int2)">
            <summary>
            Component wise multiplication of two <see cref="T:Engine.Int2"/>.
            </summary>
        </member>
        <member name="M:Engine.Int2.op_Division(Engine.Int2,Engine.Int2)">
            <summary>
            Component wise integer division of two <see cref="T:Engine.Int2"/>.
            </summary>
        </member>
        <member name="M:Engine.MathUtils.AbsComponents(Microsoft.Xna.Framework.Vector2@)">
            <summary>
            Makes the component wise absolute of the given vector.
            </summary>
        </member>
        <member name="M:Engine.MathUtils.InRectMm(Microsoft.Xna.Framework.Vector2@,Microsoft.Xna.Framework.Vector2@,Microsoft.Xna.Framework.Vector2@)">
            <summary>
            Given an axis aligned rectangle defined by <c>min</c> and <c>max</c>, evaluates whether the <c>point</c> is inside.
            </summary>
            <param name="point">The point.</param>
            <param name="min">The minimum of the axis aligned rectangle (Bottom left corner).</param>
            <param name="max">The maximum of the axis aligned rectangle (Top right corner).</param>
            <returns>Returns <c>true</c> if the point is inside the rect or on its boundary, <c>false</c> otherwise.</returns>
        </member>
        <member name="M:Engine.MathUtils.RayRectMmIntersection(Microsoft.Xna.Framework.Vector2@,Microsoft.Xna.Framework.Vector2@,Microsoft.Xna.Framework.Vector2@,Microsoft.Xna.Framework.Vector2@,System.Single@)">
            <summary>
            Given a ray <c>orig + t * dir</c> and an axis aligned rectangle defined by <c>min</c> and <c>max</c>, calculates if and where an intersection occurs.
            </summary>
            <param name="orig">The starting point of the ray.</param>
            <param name="dir">The direction of the ray.</param>
            <param name="min">The minimum of the axis aligned rectangle (Bottom left corner).</param>
            <param name="max">The maximum of the axis aligned rectangle (Top right corner).</param>
            <param name="t">Returns the closest <c>t</c> for which an intersection occurs.</param>
            <returns>Returns <c>true</c> if an intersection occurs, <c>false</c> otherwise.</returns>
        </member>
        <member name="M:Engine.MathUtils.LineYAxisIntersection(Microsoft.Xna.Framework.Vector2@,Microsoft.Xna.Framework.Vector2@,System.Single@,System.Single@)">
            <summary>
            Given a line <b>orig + t * dir</b>, calculates at which <c>t</c> and <c>y</c> that line intersects with the y axis.
            </summary>
            <param name="orig">A point on the line.</param>
            <param name="dir">The direction of the line.</param>
            <param name="t">Returns the value of <c>t</c> at which the intersection occurs.</param>
            <param name="y">Returns the <c>y</c> value on the y axis at which the intersection occurs.</param>
            <returns>Returns <c>true</c> if the line intersects with the y axis, <c>false</c> otherwise.</returns>
        </member>
        <member name="M:Engine.MathUtils.LineXAxisIntersection(Microsoft.Xna.Framework.Vector2@,Microsoft.Xna.Framework.Vector2@,System.Single@,System.Single@)">
            <summary>
            Given a line <b>orig + t * dir</b>, calculates at which <c>t</c> and <c>x</c> that line intersects with the x axis.
            </summary>
            <param name="orig">A point on the line.</param>
            <param name="dir">The direction of the line.</param>
            <param name="t">Returns the value of <c>t</c> at which the intersection occurs.</param>
            <param name="x">Returns the <c>x</c> value on the x axis at which the intersection occurs.</param>
            <returns>Returns <c>true</c> if the line intersects with the x axis, <c>false</c> otherwise.</returns>
        </member>
        <!-- Badly formed XML comment ignored for member "M:Engine.MathUtils.MoveTowards(System.Single@,System.Single@,System.Single@)" -->
        <member name="M:Engine.MathUtils.MoveTowards(Microsoft.Xna.Framework.Vector2@,Microsoft.Xna.Framework.Vector2@,System.Single@)">
            <summary>
            Port of Unity's MoveTowards utility function for Vector2.
            Source: https://github.com/Unity-Technologies/UniteAustinTechnicalPresentation/blob/48cbbffc485b7b9fd5d48a861136d60a644c740f/StressTesting/Assets/Scripts/Systems/Jobs/MathUtils.cs#L40
            </summary>
        </member>
        <member name="T:Engine.Matrix3x3">
            <summary>
            Represents a 3x3 matrix which can be used as transformation matrix and other 3x3 matrix operations.
            </summary>
        </member>
        <member name="F:Engine.Matrix3x3.Identity">
            <summary>
            Gets the identity matrix.
            </summary>
        </member>
        <member name="F:Engine.Matrix3x3.Zero">
            <summary>
            Gets the zero matrix.
            </summary>
        </member>
        <member name="F:Engine.Matrix3x3.One">
            <summary>
            Gets the one matrix.
            </summary>
        </member>
        <member name="F:Engine.Matrix3x3.R1">
            <summary>
            The first row.
            </summary>
        </member>
        <member name="F:Engine.Matrix3x3.R2">
            <summary>
            The second row.
            </summary>
        </member>
        <member name="F:Engine.Matrix3x3.R3">
            <summary>
            The third row.
            </summary>
        </member>
        <member name="P:Engine.Matrix3x3.C1">
            <summary>
            Gets or sets the first column.
            </summary>
        </member>
        <member name="P:Engine.Matrix3x3.C2">
            <summary>
            Gets or sets the second column.
            </summary>
        </member>
        <member name="P:Engine.Matrix3x3.C3">
            <summary>
            Gets or sets the third column.
            </summary>
        </member>
        <member name="P:Engine.Matrix3x3.M11">
            <summary>
            Gets or sets the value in row 1 and column 1.
            </summary>
        </member>
        <member name="P:Engine.Matrix3x3.M12">
            <summary>
            Gets or sets the value in row 1 and column 2.
            </summary>
        </member>
        <member name="P:Engine.Matrix3x3.M13">
            <summary>
            Gets or sets the value in row 1 and column 3.
            </summary>
        </member>
        <member name="P:Engine.Matrix3x3.M21">
            <summary>
            Gets or sets the value in row 2 and column 1.
            </summary>
        </member>
        <member name="P:Engine.Matrix3x3.M22">
            <summary>
            Gets or sets the value in row 2 and column 2.
            </summary>
        </member>
        <member name="P:Engine.Matrix3x3.M23">
            <summary>
            Gets or sets the value in row 2 and column 3.
            </summary>
        </member>
        <member name="P:Engine.Matrix3x3.M31">
            <summary>
            Gets or sets the value in row 3 and column 1.
            </summary>
        </member>
        <member name="P:Engine.Matrix3x3.M32">
            <summary>
            Gets or sets the value in row 3 and column 2.
            </summary>
        </member>
        <member name="P:Engine.Matrix3x3.M33">
            <summary>
            Gets or sets the value in row 3 and column 3.
            </summary>
        </member>
        <member name="M:Engine.Matrix3x3.#ctor(System.Single)">
            <summary>
            Creates a new instance of <see cref="T:Engine.Matrix3x3"/> with all values set to the given value.
            </summary>
        </member>
        <member name="M:Engine.Matrix3x3.#ctor(Microsoft.Xna.Framework.Vector3@,Microsoft.Xna.Framework.Vector3@,Microsoft.Xna.Framework.Vector3@)">
            <summary>
            Creates a new instance of <see cref="T:Engine.Matrix3x3"/> with the specified rows.
            </summary>
        </member>
        <member name="M:Engine.Matrix3x3.#ctor(System.Single,System.Single,System.Single,System.Single,System.Single,System.Single,System.Single,System.Single,System.Single)">
            <summary>
            Creates a new instance of <see cref="T:Engine.Matrix3x3"/> with the specified values.
            </summary>
        </member>
        <member name="M:Engine.Matrix3x3.Adjoint">
            <summary>
            Calculates the adjoint values of this matrix.
            </summary>
            <returns></returns>
        </member>
        <member name="M:Engine.Matrix3x3.Cofactor">
            <summary>
            Calculates the cofactor values of this matrix.
            </summary>
            <returns></returns>
        </member>
        <member name="M:Engine.Matrix3x3.DecomposeTRS(Microsoft.Xna.Framework.Vector2@,System.Single@,Microsoft.Xna.Framework.Vector2@)">
            <summary>
            Decomposes this matrix into a position, rotation (in radians) and scale.
            </summary>
        </member>
        <member name="M:Engine.Matrix3x3.Determinant">
            <summary>
            Calculates the determinant of this matrix.
            </summary>
            <returns></returns>
        </member>
        <member name="M:Engine.Matrix3x3.Invert">
            <summary>
            Calculates the inverse matrix.
            </summary>
            <exception cref="T:System.InvalidOperationException">The matrix must be invertible.</exception>
        </member>
        <member name="M:Engine.Matrix3x3.TransformPoint(Microsoft.Xna.Framework.Vector2@)">
            <summary>
            Transforms the given point with this transformation matrix.<br/>
            Equivalent to a matrix vector multiplication where point is extended with a 1 as third component.
            </summary>
        </member>
        <member name="M:Engine.Matrix3x3.TransformDirection(Microsoft.Xna.Framework.Vector2@)">
            <summary>
            Transforms the given direction with this transformation matrix.<br/>
            Equivalent to a matrix vector multiplication where direction is extended with a 0 as third component.
            </summary>
        </member>
        <member name="M:Engine.Matrix3x3.Transpose">
            <summary>
            Calculates the transpose values of this matrix.
            </summary>
        </member>
        <member name="M:Engine.Matrix3x3.CreateRotation(System.Single)">
            <summary>
            Creates a rotation matrix for the given rotation (in radians).
            </summary>
        </member>
        <member name="M:Engine.Matrix3x3.CreateScale(System.Single)">
            <summary>
            Creates a scale matrix for the given uniform scale.
            </summary>
            <param name="scale"></param>
            <returns></returns>
        </member>
        <member name="M:Engine.Matrix3x3.CreateScale(Microsoft.Xna.Framework.Vector2@)">
            <summary>
            Creates a scale matrix for the given scale.
            </summary>
            <param name="scale"></param>
            <returns></returns>
        </member>
        <member name="M:Engine.Matrix3x3.CreateTranslation(Microsoft.Xna.Framework.Vector2@)">
            <summary>
            Creates a translation matrix for the given position.
            </summary>
        </member>
        <member name="M:Engine.Matrix3x3.CreateTRS(Microsoft.Xna.Framework.Vector2@,System.Single@,Microsoft.Xna.Framework.Vector2@)">
            <summary>
            Creates a transformation matrix for the given position, rotation (in radians) and scale.
            </summary>
        </member>
        <member name="M:Engine.Matrix3x3.op_Addition(Engine.Matrix3x3@,Engine.Matrix3x3@)">
            <summary>
            Performs a matrix-matrix addition.
            </summary>
        </member>
        <member name="M:Engine.Matrix3x3.op_Subtraction(Engine.Matrix3x3@,Engine.Matrix3x3@)">
            <summary>
            Performs a matrix-matrix subtraction.
            </summary>
        </member>
        <member name="M:Engine.Matrix3x3.op_Multiply(Engine.Matrix3x3@,Engine.Matrix3x3@)">
            <summary>
            Performs a matrix-matrix multiplication.
            </summary>
        </member>
        <member name="M:Engine.Matrix3x3.op_Multiply(Engine.Matrix3x3@,System.Single)">
            <summary>
            Performs a matrix-scalar addition.
            </summary>
        </member>
        <member name="M:Engine.Matrix3x3.op_Multiply(System.Single,Engine.Matrix3x3@)">
            <summary>
            Performs a scalar-matrix addition.
            </summary>
        </member>
        <member name="M:Engine.Matrix3x3.op_Multiply(Engine.Matrix3x3@,Microsoft.Xna.Framework.Vector3@)">
            <summary>
            Performs a matrix-vector addition.
            </summary>
        </member>
        <member name="M:Engine.Matrix3x3.op_Multiply(Microsoft.Xna.Framework.Vector3@,Engine.Matrix3x3@)">
            <summary>
            Performs a vector-matrix addition.
            </summary>
        </member>
        <member name="M:Engine.Matrix3x3.op_Division(Engine.Matrix3x3@,System.Single)">
            <summary>
            Performs a matrix-scalar division.
            </summary>
        </member>
        <member name="M:Engine.CircleCollider.GetShape">
            <inheritdoc />
        </member>
        <member name="M:Engine.CircleCollider.DrawGizmos">
            <inheritdoc />
        </member>
        <member name="M:Engine.Collider.OnEnable">
            <inheritdoc />
        </member>
        <member name="M:Engine.Collider.OnDisable">
            <inheritdoc />
        </member>
        <member name="M:Engine.Collider.GetShape">
            <summary>
            Creates a shape representation of this collider, will be used in the internal physics calculations.
            </summary>
        </member>
        <member name="M:Engine.Collider.InvalidateShape">
            <summary>
            Forces the collider to update the shape that is being used internally before the next physics loop.
            </summary>
        </member>
        <member name="M:Engine.PolygonCollider.GetShape">
            <inheritdoc />
        </member>
        <member name="M:Engine.PolygonCollider.DrawGizmos">
            <inheritdoc />
        </member>
        <member name="M:Engine.RigidBody.OnEnable">
            <inheritdoc />
        </member>
        <member name="M:Engine.RigidBody.OnDisable">
            <inheritdoc />
        </member>
        <member name="M:Engine.RigidBody.OnDestroy">
            <inheritdoc />
        </member>
        <member name="T:Engine.Primitives2D">
            <summary>
            </summary>
        </member>
        <member name="M:Engine.Primitives2D.DrawPoints(Microsoft.Xna.Framework.Vector2,System.Collections.Generic.List{Microsoft.Xna.Framework.Vector2},Microsoft.Xna.Framework.Color,System.Single)">
            <summary>
            Draws a list of connecting points
            </summary>
            <param name="spriteBatch">The destination drawing surface</param>
            /// <param name="position">Where to position the points</param>
            <param name="points">The points to connect with lines</param>
            <param name="color">The color to use</param>
            <param name="thickness">The thickness of the lines</param>
        </member>
        <member name="M:Engine.Primitives2D.CreateCircle(System.Double,System.Int32)">
            <summary>
            Creates a list of vectors that represents a circle
            </summary>
            <param name="radius">The radius of the circle</param>
            <param name="sides">The number of sides to generate</param>
            <returns>A list of vectors that, if connected, will create a circle</returns>
        </member>
        <member name="M:Engine.Primitives2D.CreateArc(System.Single,System.Int32,System.Single,System.Single)">
            <summary>
            Creates a list of vectors that represents an arc
            </summary>
            <param name="radius">The radius of the arc</param>
            <param name="sides">The number of sides to generate in the circle that this will cut out from</param>
            <param name="startingAngle">The starting angle of arc, 0 being to the east, increasing as you go clockwise</param>
            <param name="radians">The radians to draw, clockwise from the starting angle</param>
            <returns>A list of vectors that, if connected, will create an arc</returns>
        </member>
        <member name="M:Engine.Primitives2D.FillRectangle(Microsoft.Xna.Framework.Graphics.SpriteBatch,Microsoft.Xna.Framework.Rectangle,Microsoft.Xna.Framework.Color)">
            <summary>
            Draws a filled rectangle
            </summary>
            <param name="spriteBatch">The destination drawing surface</param>
            <param name="rect">The rectangle to draw</param>
            <param name="color">The color to draw the rectangle in</param>
        </member>
        <member name="M:Engine.Primitives2D.FillRectangle(Microsoft.Xna.Framework.Graphics.SpriteBatch,Microsoft.Xna.Framework.Rectangle,Microsoft.Xna.Framework.Color,System.Single)">
            <summary>
            Draws a filled rectangle
            </summary>
            <param name="spriteBatch">The destination drawing surface</param>
            <param name="rect">The rectangle to draw</param>
            <param name="color">The color to draw the rectangle in</param>
            <param name="angle">The angle in radians to draw the rectangle at</param>
        </member>
        <member name="M:Engine.Primitives2D.FillRectangle(Microsoft.Xna.Framework.Graphics.SpriteBatch,Microsoft.Xna.Framework.Vector2,Microsoft.Xna.Framework.Vector2,Microsoft.Xna.Framework.Color)">
            <summary>
            Draws a filled rectangle
            </summary>
            <param name="spriteBatch">The destination drawing surface</param>
            <param name="location">Where to draw</param>
            <param name="size">The size of the rectangle</param>
            <param name="color">The color to draw the rectangle in</param>
        </member>
        <member name="M:Engine.Primitives2D.FillRectangle(Microsoft.Xna.Framework.Graphics.SpriteBatch,Microsoft.Xna.Framework.Vector2,Microsoft.Xna.Framework.Vector2,Microsoft.Xna.Framework.Color,System.Single)">
            <summary>
            Draws a filled rectangle
            </summary>
            <param name="spriteBatch">The destination drawing surface</param>
            <param name="location">Where to draw</param>
            <param name="size">The size of the rectangle</param>
            <param name="angle">The angle in radians to draw the rectangle at</param>
            <param name="color">The color to draw the rectangle in</param>
        </member>
        <member name="M:Engine.Primitives2D.FillRectangle(Microsoft.Xna.Framework.Graphics.SpriteBatch,System.Single,System.Single,System.Single,System.Single,Microsoft.Xna.Framework.Color)">
            <summary>
            Draws a filled rectangle
            </summary>
            <param name="spriteBatch">The destination drawing surface</param>
            <param name="x">The X coord of the left side</param>
            <param name="y">The Y coord of the upper side</param>
            <param name="w">Width</param>
            <param name="h">Height</param>
            <param name="color">The color to draw the rectangle in</param>
        </member>
        <member name="M:Engine.Primitives2D.FillRectangle(Microsoft.Xna.Framework.Graphics.SpriteBatch,System.Single,System.Single,System.Single,System.Single,Microsoft.Xna.Framework.Color,System.Single)">
            <summary>
            Draws a filled rectangle
            </summary>
            <param name="spriteBatch">The destination drawing surface</param>
            <param name="x">The X coord of the left side</param>
            <param name="y">The Y coord of the upper side</param>
            <param name="w">Width</param>
            <param name="h">Height</param>
            <param name="color">The color to draw the rectangle in</param>
            <param name="angle">The angle of the rectangle in radians</param>
        </member>
        <member name="M:Engine.Primitives2D.DrawRectangle(Microsoft.Xna.Framework.Rectangle,Microsoft.Xna.Framework.Color)">
            <summary>
            Draws a rectangle with the thickness provided
            </summary>
            <param name="spriteBatch">The destination drawing surface</param>
            <param name="rect">The rectangle to draw</param>
            <param name="color">The color to draw the rectangle in</param>
        </member>
        <member name="M:Engine.Primitives2D.DrawRectangle(Microsoft.Xna.Framework.Rectangle,Microsoft.Xna.Framework.Color,System.Single)">
            <summary>
            Draws a rectangle with the thickness provided
            </summary>
            <param name="spriteBatch">The destination drawing surface</param>
            <param name="rect">The rectangle to draw</param>
            <param name="color">The color to draw the rectangle in</param>
            <param name="thickness">The thickness of the lines</param>
        </member>
        <member name="M:Engine.Primitives2D.DrawRectangle(Microsoft.Xna.Framework.Vector2,Microsoft.Xna.Framework.Vector2,Microsoft.Xna.Framework.Color)">
            <summary>
            Draws a rectangle with the thickness provided
            </summary>
            <param name="spriteBatch">The destination drawing surface</param>
            <param name="location">Where to draw</param>
            <param name="size">The size of the rectangle</param>
            <param name="color">The color to draw the rectangle in</param>
        </member>
        <member name="M:Engine.Primitives2D.DrawRectangle(Microsoft.Xna.Framework.Vector2,Microsoft.Xna.Framework.Vector2,Microsoft.Xna.Framework.Color,System.Single)">
            <summary>
            Draws a rectangle with the thickness provided
            </summary>
            <param name="spriteBatch">The destination drawing surface</param>
            <param name="location">Where to draw</param>
            <param name="size">The size of the rectangle</param>
            <param name="color">The color to draw the rectangle in</param>
            <param name="thickness">The thickness of the line</param>
        </member>
        <member name="M:Engine.Primitives2D.DrawLine(System.Single,System.Single,System.Single,System.Single,Microsoft.Xna.Framework.Color)">
            <summary>
            Draws a line from point1 to point2 with an offset
            </summary>
            <param name="spriteBatch">The destination drawing surface</param>
            <param name="x1">The X coord of the first point</param>
            <param name="y1">The Y coord of the first point</param>
            <param name="x2">The X coord of the second point</param>
            <param name="y2">The Y coord of the second point</param>
            <param name="color">The color to use</param>
        </member>
        <member name="M:Engine.Primitives2D.DrawLine(System.Single,System.Single,System.Single,System.Single,Microsoft.Xna.Framework.Color,System.Single)">
            <summary>
            Draws a line from point1 to point2 with an offset
            </summary>
            <param name="spriteBatch">The destination drawing surface</param>
            <param name="x1">The X coord of the first point</param>
            <param name="y1">The Y coord of the first point</param>
            <param name="x2">The X coord of the second point</param>
            <param name="y2">The Y coord of the second point</param>
            <param name="color">The color to use</param>
            <param name="thickness">The thickness of the line</param>
        </member>
        <member name="M:Engine.Primitives2D.DrawLine(Microsoft.Xna.Framework.Vector2,Microsoft.Xna.Framework.Vector2,Microsoft.Xna.Framework.Color)">
            <summary>
            Draws a line from point1 to point2 with an offset
            </summary>
            <param name="spriteBatch">The destination drawing surface</param>
            <param name="point1">The first point</param>
            <param name="point2">The second point</param>
            <param name="color">The color to use</param>
        </member>
        <member name="M:Engine.Primitives2D.DrawLine(Microsoft.Xna.Framework.Vector2,Microsoft.Xna.Framework.Vector2,Microsoft.Xna.Framework.Color,System.Single)">
            <summary>
            Draws a line from point1 to point2 with an offset
            </summary>
            <param name="spriteBatch">The destination drawing surface</param>
            <param name="point1">The first point</param>
            <param name="point2">The second point</param>
            <param name="color">The color to use</param>
            <param name="thickness">The thickness of the line</param>
        </member>
        <member name="M:Engine.Primitives2D.DrawLine(Microsoft.Xna.Framework.Vector2,System.Single,System.Single,Microsoft.Xna.Framework.Color)">
            <summary>
            Draws a line from point1 to point2 with an offset
            </summary>
            <param name="spriteBatch">The destination drawing surface</param>
            <param name="point">The starting point</param>
            <param name="length">The length of the line</param>
            <param name="angle">The angle of this line from the starting point in radians</param>
            <param name="color">The color to use</param>
        </member>
        <member name="M:Engine.Primitives2D.DrawLine(Microsoft.Xna.Framework.Vector2,System.Single,System.Single,Microsoft.Xna.Framework.Color,System.Single)">
            <summary>
            Draws a line from point1 to point2 with an offset
            </summary>
            <param name="spriteBatch">The destination drawing surface</param>
            <param name="point">The starting point</param>
            <param name="length">The length of the line</param>
            <param name="angle">The angle of this line from the starting point</param>
            <param name="color">The color to use</param>
            <param name="thickness">The thickness of the line</param>
        </member>
        <member name="M:Engine.Primitives2D.DrawCircle(Microsoft.Xna.Framework.Vector2,System.Single,System.Int32,Microsoft.Xna.Framework.Color)">
            <summary>
            Draw a circle
            </summary>
            <param name="spriteBatch">The destination drawing surface</param>
            <param name="center">The center of the circle</param>
            <param name="radius">The radius of the circle</param>
            <param name="sides">The number of sides to generate</param>
            <param name="color">The color of the circle</param>
        </member>
        <member name="M:Engine.Primitives2D.DrawCircle(Microsoft.Xna.Framework.Vector2,System.Single,System.Int32,Microsoft.Xna.Framework.Color,System.Single)">
            <summary>
            Draw a circle
            </summary>
            <param name="spriteBatch">The destination drawing surface</param>
            <param name="center">The center of the circle</param>
            <param name="radius">The radius of the circle</param>
            <param name="sides">The number of sides to generate</param>
            <param name="color">The color of the circle</param>
            <param name="thickness">The thickness of the lines used</param>
        </member>
        <member name="M:Engine.Primitives2D.DrawCircle(System.Single,System.Single,System.Single,System.Int32,Microsoft.Xna.Framework.Color)">
            <summary>
            Draw a circle
            </summary>
            <param name="spriteBatch">The destination drawing surface</param>
            <param name="x">The center X of the circle</param>
            <param name="y">The center Y of the circle</param>
            <param name="radius">The radius of the circle</param>
            <param name="sides">The number of sides to generate</param>
            <param name="color">The color of the circle</param>
        </member>
        <member name="M:Engine.Primitives2D.DrawCircle(System.Single,System.Single,System.Single,System.Int32,Microsoft.Xna.Framework.Color,System.Single)">
            <summary>
            Draw a circle
            </summary>
            <param name="spriteBatch">The destination drawing surface</param>
            <param name="x">The center X of the circle</param>
            <param name="y">The center Y of the circle</param>
            <param name="radius">The radius of the circle</param>
            <param name="sides">The number of sides to generate</param>
            <param name="color">The color of the circle</param>
            <param name="thickness">The thickness of the lines used</param>
        </member>
        <member name="M:Engine.Primitives2D.DrawArc(Microsoft.Xna.Framework.Vector2,System.Single,System.Int32,System.Single,System.Single,Microsoft.Xna.Framework.Color)">
            <summary>
            Draw a arc
            </summary>
            <param name="spriteBatch">The destination drawing surface</param>
            <param name="center">The center of the arc</param>
            <param name="radius">The radius of the arc</param>
            <param name="sides">The number of sides to generate</param>
            <param name="startingAngle">The starting angle of arc, 0 being to the east, increasing as you go clockwise</param>
            <param name="radians">The number of radians to draw, clockwise from the starting angle</param>
            <param name="color">The color of the arc</param>
        </member>
        <member name="M:Engine.Primitives2D.DrawArc(Microsoft.Xna.Framework.Vector2,System.Single,System.Int32,System.Single,System.Single,Microsoft.Xna.Framework.Color,System.Single)">
            <summary>
            Draw a arc
            </summary>
            <param name="spriteBatch">The destination drawing surface</param>
            <param name="center">The center of the arc</param>
            <param name="radius">The radius of the arc</param>
            <param name="sides">The number of sides to generate</param>
            <param name="startingAngle">The starting angle of arc, 0 being to the east, increasing as you go clockwise</param>
            <param name="radians">The number of radians to draw, clockwise from the starting angle</param>
            <param name="color">The color of the arc</param>
            <param name="thickness">The thickness of the arc</param>
        </member>
        <member name="M:Engine.Renderer.OnEnable">
            <inheritdoc />
        </member>
        <member name="M:Engine.Renderer.OnDisable">
            <inheritdoc />
        </member>
        <member name="T:Engine.Aabb">
            <summary>
            Represents a 2D rectangle shape that is axis aligned.
            </summary>
        </member>
        <member name="P:Engine.Aabb.Min">
            <summary>
            Gets or sets the minimum point of the <see cref="T:Engine.Aabb"/>, this is always equals to <see cref="P:Engine.Aabb.Center"/> - <see cref="P:Engine.Aabb.Extend"/>.
            </summary>
        </member>
        <member name="P:Engine.Aabb.Max">
            <summary>
            Gets or sets the maximum point of the <see cref="T:Engine.Aabb"/>, this is always equals to <see cref="P:Engine.Aabb.Center"/> + <see cref="P:Engine.Aabb.Extend"/>.
            </summary>
        </member>
        <member name="P:Engine.Aabb.Center">
            <summary>
            Gets the center of the <see cref="T:Engine.Aabb"/>.
            </summary>
        </member>
        <member name="P:Engine.Aabb.Extend">
            <summary>
            Gets the extend of the <see cref="T:Engine.Aabb"/>, this is always equals to <see cref="P:Engine.Aabb.Size"/> / 2.
            </summary>
        </member>
        <member name="P:Engine.Aabb.Size">
            <summary>
            Gets the size of the <see cref="T:Engine.Aabb"/>, this is always equals to <see cref="P:Engine.Aabb.Extend"/> * 2.
            </summary>
        </member>
        <member name="P:Engine.Aabb.Bounds">
            <inheritdoc />
        </member>
        <member name="M:Engine.Aabb.#ctor(System.Single,System.Single,System.Single,System.Single)">
            <summary>
            Initializes a new instance of <see cref="T:Engine.Aabb"/> with the given center point and size.
            </summary>
        </member>
        <member name="M:Engine.Aabb.#ctor(Microsoft.Xna.Framework.Vector2@,Microsoft.Xna.Framework.Vector2@)">
            <summary>
            Initializes a new instance of <see cref="T:Engine.Aabb"/> with the given center point and size.
            </summary>
        </member>
        <member name="M:Engine.Aabb.ClosestPoint(Microsoft.Xna.Framework.Vector2@)">
            <summary>
            Finds the closest point on the bounding box.
            </summary>
        </member>
        <member name="M:Engine.Aabb.ContainsPoint(Microsoft.Xna.Framework.Vector2@)">
            <inheritdoc />
        </member>
        <member name="M:Engine.Aabb.IntersectsRect(Microsoft.Xna.Framework.Vector2@,Microsoft.Xna.Framework.Vector2@)">
            <inheritdoc />
        </member>
        <member name="M:Engine.Aabb.ContainsRect(Microsoft.Xna.Framework.Vector2@,Microsoft.Xna.Framework.Vector2@)">
            <inheritdoc />
        </member>
        <member name="M:Engine.Aabb.Encapsulate(Microsoft.Xna.Framework.Vector2@)">
            <summary>
            Grows the <see cref="T:Engine.Aabb"/> to encapsulate the point.
            </summary>
        </member>
        <member name="M:Engine.Aabb.Encapsulate(Engine.Aabb@)">
            <summary>
            Grows the <see cref="T:Engine.Aabb"/> to encapsulate the aabb.
            </summary>
        </member>
        <member name="M:Engine.Aabb.Expand(Microsoft.Xna.Framework.Vector2@)">
            <summary>
            Expands the <see cref="T:Engine.Aabb"/> by increasing its size by amount along each axis.
            </summary>
        </member>
        <member name="M:Engine.Aabb.Expand(System.Single@)">
            <summary>
            Expands the <see cref="T:Engine.Aabb"/> by increasing its size by amount along each axis.
            </summary>
        </member>
        <member name="M:Engine.Aabb.FromMinMax(Microsoft.Xna.Framework.Vector2@,Microsoft.Xna.Framework.Vector2@)">
            <summary>
            Constructs a new <see cref="T:Engine.Aabb"/> from a minimum and maximum point.
            </summary>
            <exception cref="T:System.ArgumentException">
            The minimum point must be component wise less than or equal to the maximum point.
            </exception>
        </member>
        <member name="T:Engine.Capsule">
            <summary>
            Represents a 2D capsule shape with rotation.
            </summary>
        </member>
        <member name="P:Engine.Capsule.Bounds">
            <inheritdoc />
        </member>
        <member name="P:Engine.Capsule.Inverted">
            <inheritdoc />
        </member>
        <member name="M:Engine.Capsule.ContainsRect(Microsoft.Xna.Framework.Vector2@,Microsoft.Xna.Framework.Vector2@)">
            <inheritdoc />
        </member>
        <member name="M:Engine.Capsule.ContainsPoint(Microsoft.Xna.Framework.Vector2@)">
            <inheritdoc />
        </member>
        <member name="M:Engine.Capsule.IntersectsRect(Microsoft.Xna.Framework.Vector2@,Microsoft.Xna.Framework.Vector2@)">
            <inheritdoc />
        </member>
        <member name="T:Engine.Circle">
            <summary>
            Represents a 2D circle shape.
            </summary>
        </member>
        <member name="P:Engine.Circle.Bounds">
            <inheritdoc />
        </member>
        <member name="M:Engine.Circle.ContainsPoint(Microsoft.Xna.Framework.Vector2@)">
            <inheritdoc />
        </member>
        <member name="M:Engine.Circle.ContainsRect(Microsoft.Xna.Framework.Vector2@,Microsoft.Xna.Framework.Vector2@)">
            <inheritdoc />
        </member>
        <member name="M:Engine.Circle.IntersectsRect(Microsoft.Xna.Framework.Vector2@,Microsoft.Xna.Framework.Vector2@)">
            <inheritdoc />
        </member>
        <member name="T:Engine.IArea">
            <summary>
            Interface for 2D area shapes that support geometric containment and intersection capabilities.
            </summary>
        </member>
        <member name="P:Engine.IArea.Bounds">
            <summary>
            Gets the axis aligned bounding rectangle of this shape.
            </summary>
        </member>
        <member name="M:Engine.IArea.ContainsPoint(Microsoft.Xna.Framework.Vector2@)">
            <summary>
            Evaluates whether the given point is inside this shape.
            </summary>
        </member>
        <member name="M:Engine.IArea.ContainsRect(Microsoft.Xna.Framework.Vector2@,Microsoft.Xna.Framework.Vector2@)">
            <summary>
            Evaluates whether the given rectangle is fully contained inside this shape.
            </summary>
        </member>
        <member name="M:Engine.IArea.IntersectsRect(Microsoft.Xna.Framework.Vector2@,Microsoft.Xna.Framework.Vector2@)">
            <summary>
            Evaluates whether the given rectangle intersects this shape.
            </summary>
        </member>
        <member name="T:Engine.Rect">
            <summary>
            Represents a rectangle shape with rotation.
            </summary>
        </member>
        <member name="P:Engine.Rect.Rotation">
            <summary>
            The counter clockwise rotation in radians.
            </summary>
        </member>
        <member name="P:Engine.Rect.Bounds">
            <inheritdoc />
        </member>
        <member name="P:Engine.Rect.Inverted">
            <inheritdoc />
        </member>
        <member name="M:Engine.Rect.ContainsRect(Microsoft.Xna.Framework.Vector2@,Microsoft.Xna.Framework.Vector2@)">
            <inheritdoc />
        </member>
        <member name="M:Engine.Rect.ContainsPoint(Microsoft.Xna.Framework.Vector2@)">
            <inheritdoc />
        </member>
        <member name="M:Engine.Rect.IntersectsRect(Microsoft.Xna.Framework.Vector2@,Microsoft.Xna.Framework.Vector2@)">
            <inheritdoc />
        </member>
        <member name="M:Engine.SpriteRenderer.Draw">
            <inheritdoc />
        </member>
        <member name="M:Engine.SpriteRenderer.OnEnable">
            <inheritdoc />
        </member>
        <member name="P:Engine.TextRenderer.TextSize">
            <summary>
            Transform independent text size
            </summary>
        </member>
        <member name="M:Engine.TileMap`1.OnAwake">
            <inheritdoc />
        </member>
        <member name="T:Engine.Transform">
            <summary>
            The transformation component that is part of every game object.
            </summary>
        </member>
    </members>
</doc>
